Policy log std Mean,(Previous) Eval Time (s),Policy log std Max,Epoch,Q Predictions Max,Number of env steps total,Log Pis Max,Log Pis Min,QF Loss,Policy Loss,AverageTrainReturn_all_train_tasks,Policy mu Min,Train Time (s),VF Loss,Q Predictions Mean,V Predictions Mean,Policy log std Std,Log Pis Std,Z mean train,Policy log std Min,Total Train Time (s),AverageReturn_all_train_tasks,Log Pis Mean,Policy mu Std,V Predictions Std,KL Divergence,Policy mu Max,V Predictions Min,Z mean eval,KL Loss,Number of rollouts total,AverageReturn_all_test_tasks,Epoch Time (s),V Predictions Max,Q Predictions Std,Number of train steps total,Z variance train,Sample Time (s),Q Predictions Min,Policy mu Mean,Z variance eval
0.000864622,0,0.00211922,0,-0.00236847,26000,-0.52514,-2.73716,21319.5,-1.31482,0.439652897425,-0.000997106,103.44373410199978,1.83188,-0.00292998,-0.00150587,0.00113757,0.314903,0.00248942,-0.000407414,135.11122862599905,0.439879980326,-1.33351,0.000712759,4.7638e-05,252.0345916748047,0.000590168,-0.00173101,0.826148,252.0345916748047,0,0.167547629943,131.56113864699864,-0.00132225,0.00017749,1000,0.000675413,28.117404544998863,-0.00351014,-0.000189816,1.50276
-0.39576,3.552115056000275,-0.144037,1,-35.9095,36000,2.40946,-7.23493,613.656,259.295,0.132586412701,-0.0155852,103.42006703800007,20.1839,-273.426,-262.364,0.227584,1.2075,0.764571,-0.646892,254.15570167599935,0.234191130429,1.16902,1.00021,50.3201,128.85037231445312,2.05993,-404.252,1.94605,128.85037231445312,0,0.215337236775,119.04292922400055,-14.204,52.1885,2000,0.0271604,12.0707471300002,-431.429,0.984142,4.03405
-0.559379,3.553782840000167,-0.163999,2,-128.989,46000,3.51243,-7.77922,799.656,434.169,0.163699855643,-0.480628,103.337493258,19.0117,-446.871,-434.595,0.161419,1.46918,0.992173,-1.01376,373.1189867689991,0.48045870157,1.20418,1.0934,135.164,155.19204711914062,2.29948,-830.245,0.0949739,155.19204711914062,0,0.623253654697,118.9564474369995,-136.484,138.174,3000,0.0410717,12.065171338999335,-834.264,0.843118,0.267081
-0.545269,3.5608270889997584,0.0105913,3,-189.72,56000,5.26083,-6.48003,526.77,490.78,0.0,-2.48545,103.48585181099997,96.1513,-504.558,-482.328,0.14147,1.64508,1.07118,-0.778082,492.2124373999991,0.245673761648,1.03108,1.24016,134.848,149.4588623046875,2.49941,-792.078,1.18903,149.4588623046875,0,0.289174764928,119.0947608420006,-191.997,148.77,4000,0.0402683,12.048081942000863,-844.994,0.493995,2.3977
-0.625933,3.5597403609999674,-0.0208323,4,-191.106,66000,5.21589,-6.80999,683.024,629.376,0.0,-2.48378,103.62894570699973,59.0622,-647.42,-636.343,0.174118,1.65081,1.12461,-1.20453,611.4923917949977,0.0,1.18458,1.26623,170.951,161.68338012695312,2.76128,-968.172,0.985067,161.68338012695312,0,0.323162959231,119.27715350699918,-189.836,174.116,5000,0.0448879,12.088467438999487,-1012.98,0.487676,1.56688
-0.68251,3.5626890519997687,0.0312913,5,-190.869,76000,6.13052,-6.42243,1136.7,672.969,0.203959192834,-2.52463,103.15177574899963,12.7787,-690.525,-671.486,0.23336,1.65773,0.882092,-1.32876,730.3035303159972,0.0,1.10809,1.16398,164.955,155.99273681640625,2.81245,-1008.94,0.88049,155.99273681640625,0,0.262362542219,118.81027397199887,-181.007,166.936,6000,0.000717301,12.095809170999473,-1063.03,0.573314,1.25005
-0.683575,3.5638025799999014,-0.10998,6,-191.618,86000,6.22692,-6.42737,776.128,756.668,0.614142365574,-2.55558,103.1903070860003,391.704,-774.338,-738.05,0.230935,1.5485,0.896645,-1.5945,849.1359177819982,0.266541683773,1.57757,1.17215,142.665,154.5894317626953,2.76776,-1153.67,0.815708,154.5894317626953,0,0.364905470656,118.82903425900122,-185.827,151.868,7000,0.0248201,12.074924593001015,-1242.86,0.821394,1.22402
-0.702941,3.5674296110000796,0.16188,7,-179.392,96000,6.00911,-8.20228,932.238,659.641,0.593152380197,-2.49751,103.49982935100024,23.0499,-674.095,-656.862,0.212677,1.73494,0.541395,-1.36122,968.3059039689992,0.020038974721,1.11592,1.15225,168.37,154.73910522460938,2.90497,-1027.58,0.638642,154.73910522460938,0,0.0,119.1791941850006,-182.262,172.265,8000,0.00412319,12.111935223000273,-1088.82,0.605922,0.914599
-0.630591,3.558460744000058,0.0192165,8,-268.345,106000,5.64438,-8.58405,1085.73,652.927,0.0,-2.6626,104.31582104400013,66.5209,-670.824,-658.994,0.184485,1.70973,1.84401,-1.17978,1088.188307476999,0.0,1.31891,1.27159,165.397,157.13206481933594,2.67764,-1282.83,0.467445,157.13206481933594,0,0.0,119.93149701500033,-266.03,170.236,9000,0.0452031,12.057215227000142,-1324.07,0.576442,0.688644
-0.621781,3.5096303509999416,-0.25875,9,-198.792,116000,6.01973,-6.17716,759.2,672.557,0.80820545521,-2.5879,104.93387215100029,71.8537,-694.94,-680.462,0.212637,1.63164,0.489981,-1.40502,1208.7344055249991,0.40978432899,1.2363,1.14586,124.648,161.17623901367188,2.79784,-1024.67,0.943396,161.17623901367188,0,0.0,120.54145653599971,-199.978,132.208,10000,0.0134101,12.097954033999486,-1041.76,0.730022,1.01562
-0.677179,3.5145055999996657,-0.115462,10,-316.952,126000,6.3997,-7.33242,547.104,666.656,0.907743099035,-2.52758,104.7841997759997,11.1034,-678.209,-667.556,0.1936,1.55854,0.578689,-1.23712,1329.1275090249965,0.368991930507,0.844349,1.02618,117.345,164.2696990966797,2.72611,-1021.28,1.21988,164.2696990966797,0,0.0,120.40140276699776,-316.761,121.442,11000,0.0147384,12.1026973909984,-1105.66,0.626436,1.41072
-0.720651,3.5064045160002024,-0.303706,11,-210.628,136000,5.88261,-5.47418,530.683,593.51,0.706183997816,-2.08178,104.72003315099983,22.9374,-607.633,-597.434,0.222499,1.54112,0.72159,-1.71143,1449.4500526189977,1.45987854568,1.13964,0.951953,164.988,195.88954162597656,2.60344,-1035.73,1.21273,195.88954162597656,0,0.503368554161,120.31883458100174,-205.964,169.807,12000,0.00502964,12.09239691400171,-1034.08,0.85026,1.29921
-0.711483,3.5103292929998133,-0.129931,12,-309.893,146000,5.88574,-6.53439,1553.39,710.126,1.26100027064,-2.80064,105.48115264099988,353.429,-727.338,-692.279,0.266823,1.67737,0.511891,-1.82432,1570.6157131959985,0.0,1.5158,1.23178,188.69,177.24615478515625,2.76964,-1327.14,1.4275,177.24615478515625,0,0.0,121.07329535700046,-301.188,203.008,13000,0.00577712,12.081813423000767,-1458.45,0.657763,2.07917
-0.649056,3.6030427830000917,0.0175032,13,-200.57,156000,6.57481,-6.55239,794.653,632.609,0.584049876886,-2.62935,104.18694617899973,38.1831,-651.225,-637.755,0.196118,1.51969,0.294682,-1.61077,1690.8265851459983,0.61707711885,1.42306,1.14662,204.531,200.59535217285156,2.85764,-1154.28,0.431371,200.59535217285156,0,0.106360085873,120.19493968999905,-204.529,207.797,14000,0.0141335,12.404950727999221,-1199.56,0.79122,0.694472
-0.626884,3.6191682889998447,-0.135658,14,-309.431,166000,5.90685,-5.58897,1225.88,728.008,2.08761368778,-2.98571,104.31027010799971,55.6241,-744.044,-721.573,0.197331,1.58657,0.690336,-1.62506,1811.134436862998,1.91806676685,1.16822,1.22269,174.309,177.46261596679688,2.64525,-1383.06,0.531327,177.46261596679688,0,0.15093766885,120.32843693799941,-311.576,184.716,15000,0.000832074,12.398998540999855,-1486.75,0.510484,0.758867
-0.664691,3.598794067000199,-0.236768,15,-247.162,176000,5.9866,-8.28025,972.875,587.455,2.13929842087,-2.6185,104.47677950600018,48.2375,-597.601,-593.242,0.183023,1.59176,0.839829,-1.72855,1931.5876403469993,0.297294444164,1.14819,1.13293,153.514,199.68960571289062,2.60056,-1016.88,0.494176,199.68960571289062,0,0.346477236902,120.47971778300098,-254.297,154.076,16000,0.000674826,12.404144210000595,-1072.81,0.629683,0.281146
-0.711326,3.5725746220000474,-0.256663,16,-221.453,186000,6.47306,-6.22579,756.554,572.234,0.968067586277,-2.67011,103.54336843600049,21.6224,-583.545,-571.747,0.20578,1.682,0.394328,-1.65615,2051.20819158,1.11505755634,1.04951,1.14679,201.168,219.24099731445312,2.7799,-1064.15,0.66445,219.24099731445312,0,0.32490622878,119.53187415600087,-221.431,204.26,17000,0.0141525,12.415931098000328,-1111.62,0.507238,0.736448
-0.639877,3.6615034930000547,-0.143608,17,-134.742,196000,10.8074,-7.93982,776.106,660.391,0.860829075657,-3.61037,103.25442066699998,65.6406,-669.769,-658.227,0.228722,2.03593,0.289236,-1.60338,2170.5938217389976,0.564717174446,1.08927,1.282,220.448,203.2633514404297,3.04084,-1214.69,1.05876,203.2633514404297,0,0.22723414714,119.39898155199808,-121.02,224.114,18000,0.00942437,12.483057391998045,-1260.73,0.172779,1.26891
-0.651878,3.6483837619998667,0.00793761,18,-183.76,206000,6.15538,-8.06186,701.634,577.427,1.08637068805,-2.67538,103.3217250280004,65.6779,-590.23,-584.501,0.333116,1.68638,0.458548,-1.88479,2289.9110265169984,0.0,0.858333,1.00495,184.185,250.27444458007812,2.68141,-1114.68,0.895879,250.27444458007812,0,0.839690024694,119.44241424599932,-196.137,190.565,19000,0.00581557,12.472305455999049,-1176.7,0.654267,0.942529
-0.604225,3.5234663140008706,0.00152191,19,-179.26,216000,6.06071,-6.72963,1876.19,648.999,3.42700624091,-2.48674,104.16933899499963,45.0615,-658.206,-650.378,0.257508,1.84379,0.21497,-1.63872,2409.697107553001,0.266351777096,0.964956,1.1536,186.031,261.3096008300781,2.76091,-1046.79,2.16022,261.3096008300781,0,0.312288587525,119.78939722600171,-188.396,193.049,20000,0.000944003,12.096591917001206,-1153.32,0.511739,2.81028
-0.74134,3.5204029260003153,-0.195742,20,-173.442,226000,6.35941,-7.91551,658.064,574.275,3.73361021358,-2.68046,104.04111937400012,44.6243,-584.655,-571.7,0.357233,1.89332,0.351976,-2.04265,2529.313253535004,0.905697447148,1.30366,1.12892,250.412,352.80059814453125,2.67979,-1183.04,1.68414,352.80059814453125,0,0.361099126115,119.6565483250024,-174.251,250.262,21000,0.00111631,12.095026025001971,-1163.16,0.675324,1.1839
-0.69644,3.480272399000569,-0.0821481,21,-162.317,236000,6.01332,-8.26228,814.02,660.655,3.4581500604,-2.48967,104.11925626099946,40.4248,-669.573,-656.35,0.290529,1.82119,0.520859,-1.93554,2648.988294241002,0.459927774602,0.997777,1.20072,198.763,286.9539794921875,2.86123,-1115.49,0.494521,286.9539794921875,0,0.221689471603,119.6655467440005,-163.515,200.915,22000,0.00266566,12.066018084000461,-1150.02,0.288321,0.624843
-0.729323,3.490040900999702,-0.22596,22,-127.848,246000,6.8876,-7.51088,986.359,615.84,3.96363635613,-2.65698,104.02774452299946,44.0862,-622.432,-616.392,0.242695,1.91618,0.173162,-1.93567,2768.575698640004,1.09666184376,1.62871,1.39213,275.65,320.22760009765625,2.80575,-1134.55,4.27484,320.22760009765625,0,0.914782812159,119.59630252700026,-129.806,276.836,23000,0.00657806,12.078517103001104,-1165.64,0.258255,4.9478
-0.679299,3.481480301999909,-0.119564,23,-205.881,256000,7.56966,-7.95718,493.523,758.395,2.87376179379,-3.04414,104.23169349399996,103.104,-781.063,-751.727,0.196294,2.18224,1.80743,-1.65743,2888.3418240460014,0.946389176307,1.91163,1.53377,311.65,262.88043212890625,2.76072,-1667.22,2.50082,262.88043212890625,0,0.52512137538,119.77411605199813,-194.659,322.829,24000,0.0534686,12.06094225599827,-1797.89,0.104109,2.54728
-0.687378,3.4737834859997747,-0.190819,24,-126.205,266000,7.64171,-8.21269,337.754,567.734,3.49525067487,-2.50354,104.08281633099978,41.2007,-584.249,-564.889,0.222058,2.1479,0.983951,-1.80049,3007.968142065003,0.769857234598,1.92217,1.42226,277.101,317.4176025390625,2.85422,-1080.95,2.19874,317.4176025390625,0,0.529262316999,119.62134570500257,-122.384,274.962,25000,0.000605088,12.064745888003017,-1140.58,0.604667,1.63298
-0.752516,3.4790383409999777,-0.144303,25,-86.7178,276000,7.17654,-8.66168,455.904,448.508,4.50529232327,-2.80175,104.23386310499973,116.685,-465.499,-457.512,0.271921,2.04578,1.4554,-1.77131,3127.7480495300015,0.884998656683,2.11049,1.35415,226.155,324.3759765625,2.85811,-967.135,2.56472,324.3759765625,0,0.281411595334,119.77954677099933,-85.5029,226.775,26000,0.000591925,12.066645324999627,-1026.84,0.800466,1.72355
-0.688226,3.479760793999958,-0.0663934,26,-79.5207,286000,6.9603,-8.89317,845.148,579.836,4.2166390358,-2.71625,104.23274342399964,74.1261,-598.454,-584.683,0.203786,1.85019,0.326147,-1.65023,3247.5258155320025,0.042915189429,2.01818,1.46815,234.055,272.3987121582031,2.77954,-1068.4,0.982554,272.3987121582031,0,0.314566557631,119.7771839850011,-95.7611,244.831,27000,0.00463864,12.064679767001508,-1170.11,0.518361,1.07829
-0.733802,3.4806007059996773,-0.240829,27,-71.3044,296000,10.1358,-6.38366,1188.21,555.685,2.85665875788,-3.18279,104.36043513000004,195.119,-570.784,-550.913,0.221352,2.14236,0.93258,-1.58507,3367.4201299020024,0.295879017058,2.34748,1.47517,259.276,306.4072570800781,3.44924,-1229.69,0.533688,306.4072570800781,0,0.0,119.8832412669999,-75.1907,268.827,28000,0.00296183,12.042205431000184,-1467.79,0.716427,1.14442
-0.698838,3.492024071000742,-0.248606,28,-71.9005,306000,7.62034,-10.228,592.914,606.794,5.84124961872,-2.75468,104.30491983800039,232.636,-624.565,-619.739,0.163531,2.04651,0.293124,-1.58182,3487.2800265560054,0.470493975716,2.30894,1.55394,237.105,250.60955810546875,2.7951,-1069.42,1.24337,250.60955810546875,0,0.394135446062,119.86801500500405,-80.614,235.963,29000,0.0135937,12.071071096002925,-1115.76,0.486224,0.0716085
-0.723568,3.4843510640002933,-0.277599,29,-100.195,316000,7.21451,-6.05126,451.861,535.207,4.10960600604,-2.51825,104.32639035000011,97.8333,-558.447,-532.361,0.180658,1.9491,1.23568,-1.47843,3607.151262799008,0.476574056149,2.77127,1.69902,279.95,302.6330871582031,2.85677,-1165.57,1.62752,302.6330871582031,0,0.319462502924,119.87504003400318,-98.3228,281.856,30000,0.000530259,12.064298620002774,-1243.01,0.445614,0.156966
-0.712771,3.4809077230002003,-0.199205,30,-74.4517,326000,8.36483,-6.03435,888.367,547.786,7.58590055447,-2.94716,104.41784923999967,68.4223,-571.161,-549.227,0.196244,2.08913,1.00097,-1.55444,3727.155196737007,0.95276846183,2.95748,1.73084,257.47,287.4590759277344,2.9965,-1116.79,2.30541,287.4590759277344,0,0.346627167063,119.96238841299873,-69.4354,258.577,31000,0.00421616,12.063631449998866,-1154.07,0.504488,3.78744
-0.7523,3.522773628000323,-0.337101,31,-69.6607,336000,7.2263,-7.7651,642.392,444.806,4.23930885799,-2.69636,103.9746006309997,115.855,-464.347,-437.116,0.215115,2.01661,1.24055,-1.58415,3846.7656502700083,0.866301151109,2.44277,1.61435,257.089,347.9404296875,2.92873,-1140.04,3.31658,347.9404296875,0,0.633375624724,119.61227755000073,-59.1287,262.107,32000,0.00091016,12.1149032910007,-1245.18,0.450257,1.35152
-0.732169,3.5212818350000816,-0.299895,32,-51.7876,346000,8.13967,-7.18849,448.172,492.546,5.46018452582,-2.80711,104.01322908899965,255.144,-513.167,-506.32,0.201733,1.99006,0.885976,-1.50602,3966.4022091220068,0.440131733843,2.25621,1.57505,337.154,332.0400390625,3.04333,-1363.24,3.01423,332.0400390625,0,0.332053470608,119.63392251699952,-64.7163,344.525,33000,0.0191228,12.099411592999786,-1458.3,0.362808,1.24322
-0.727292,3.524345171999812,-0.396008,33,-75.2605,356000,8.03419,-6.86836,1391.83,501.8,3.25602821147,-2.83188,104.23681400199985,147.347,-525.305,-508.817,0.188316,2.1117,1.26727,-1.62041,4086.273095495005,0.95121669954,2.48118,1.65247,299.684,334.8826904296875,2.88047,-1258.25,2.86864,334.8826904296875,0,0.278480511125,119.85012836199894,-77.5603,299.254,34000,0.000471007,12.088969187999282,-1333.94,0.310104,1.22825
-0.732435,3.54548231499939,-0.340276,34,-63.0505,366000,7.84076,-7.08493,834.934,578.383,6.32064912058,-2.90807,104.02922807600044,181.199,-602.49,-575.531,0.22432,1.95593,0.678573,-1.73614,4205.951348482005,0.364145502401,2.53755,1.68834,315.184,325.5697021484375,2.94486,-1393.51,2.63398,325.5697021484375,0,1.4574794183,119.6962489610014,-69.7968,326.865,35000,0.00335682,12.121538570001576,-1496.74,0.127841,1.18112
-0.714837,3.5279665130001376,-0.253213,35,-88.6333,376000,8.3114,-6.23783,1137.02,460.745,7.45150386666,-2.98486,103.79154957999981,63.5585,-487.247,-463.616,0.184672,1.98015,1.05753,-1.70363,4325.375942076009,0.747785486124,2.73796,1.7015,269.967,340.6634521484375,3.09097,-1236.17,3.00487,340.6634521484375,0,0.600729829214,119.4385649820033,-88.6556,276.444,36000,0.000209476,12.119048889003352,-1330.38,0.490663,1.46616
-0.659592,3.5142886560006446,-0.184937,36,-92.541,386000,7.63998,-7.04439,984.537,567.458,7.83934263848,-2.87798,103.90841554000053,252.055,-591.422,-566.684,0.136244,2.1156,0.457499,-1.46698,4444.912225462009,0.54770785231,2.86476,1.79725,252.298,339.04022216796875,3.12329,-1339.79,3.9256,339.04022216796875,0,0.335826232355,119.53170435000175,-78.6657,247.804,37000,0.0101455,12.109000154000569,-1497.37,0.288773,1.82348
-0.676307,3.5193135769995934,-0.297645,37,-74.3127,396000,8.2419,-6.36711,458.64,462.3,5.2949511873,-2.8265,103.93019302500034,152.173,-495.043,-456.366,0.142631,2.03391,1.20926,-1.49148,4564.50680208901,0.642536083992,2.75771,1.75246,249.056,332.788818359375,3.02304,-1496.24,3.65918,332.788818359375,0,0.963354064046,119.55398118200083,-64.5531,260.227,38000,0.0128964,12.104474580000897,-1644.78,0.309486,1.49961
-0.712462,3.5603903359997275,-0.39706,38,-84.867,406000,7.56899,-7.58023,1435.48,496.063,5.61694809111,-2.97479,103.05078561199934,98.5621,-531.588,-494.777,0.151266,2.03453,1.4182,-1.58086,4683.311263411009,1.14856177094,3.05134,1.84437,228.619,314.52593994140625,2.84135,-1162.54,3.82614,314.52593994140625,0,0.552002207885,118.84932311300054,-87.7004,242.537,39000,0.0259874,12.238147165001465,-1240.56,0.184787,1.75525
-0.713984,3.5160275979997095,-0.422247,39,-94.042,416000,8.76257,-5.95292,1045.16,480.186,6.84992920744,-2.82731,103.91400707499997,124.558,-513.363,-486.455,0.146516,2.02654,1.48481,-1.52803,4802.852382789009,0.886648340286,3.06411,1.82714,276.383,325.8040771484375,2.95504,-1380.35,0.681293,325.8040771484375,0,0.509752981489,119.54108958699999,-98.5499,284.625,40000,8.68626e-05,12.111054914000306,-1466.96,0.237878,0.0042565
-0.704189,3.516505753000274,-0.317344,40,-93.3535,426000,7.71763,-6.46574,1010.88,468.453,6.68132763487,-2.89397,103.659645705,296.504,-492.893,-456.34,0.121776,2.02906,1.82833,-1.45244,4922.1404442960065,0.924244054546,2.91201,1.78515,266.874,391.0345764160156,3.31471,-1408.91,5.06355,391.0345764160156,0,0.296025708618,119.29512806899675,-77.725,267.63,41000,0.0105165,12.11897661099647,-1518.36,0.34158,2.07459
-0.723015,3.5096888309999486,-0.453455,41,-97.8129,436000,7.92469,-6.34202,785.669,466.329,7.45382988148,-2.92824,104.03596544300035,125.47,-492.322,-459.876,0.158312,2.22062,0.697658,-1.6091,5041.776731652006,1.17224294864,2.84241,1.72948,237.599,358.25421142578125,3.03344,-1584.02,3.96856,358.25421142578125,0,0.390163175744,119.6414083890013,-97.4703,250.488,42000,0.000142906,12.095754115001,-1719.63,0.505888,1.70164
-0.727928,3.5051566899992395,-0.383288,42,-75.9159,446000,7.89332,-5.99809,1013.77,362.596,7.97462541175,-2.87917,104.27807794800083,178.829,-390.788,-368.635,0.146727,2.09758,0.870014,-1.51681,5161.64945955401,0.841695557832,2.9079,1.72587,208.692,418.7257080078125,3.01088,-1148.66,5.40944,418.7257080078125,0,0.28905276164,119.86426158500126,-88.0822,224.088,43000,0.0002616,12.081026947001192,-1252.02,0.516908,2.306
-0.721247,3.513965874999485,-0.432454,43,-70.4733,456000,7.85828,-7.65031,978.261,441.493,6.04161482874,-3.14559,104.20761332700022,111.261,-476.562,-441.14,0.158793,2.20749,1.67715,-1.61584,5281.474230623007,0.987657643897,3.09266,1.87922,253.387,347.33941650390625,2.95049,-1455.65,1.18495,347.33941650390625,0,1.54690134241,119.82025227999839,-69.1621,275.079,44000,0.000666944,12.098673077998683,-1618.9,0.0958817,1.18478
-0.705589,3.519004599999789,-0.300177,44,-83.4297,466000,8.40452,-6.6179,906.805,470.813,7.32984789841,-2.92461,104.10378543199931,180.694,-499.959,-473.179,0.148165,2.119,0.643007,-1.51365,5401.191434217009,1.15580292445,2.98083,1.82454,236.633,328.48785400390625,3.04967,-1642.43,3.2228,328.48785400390625,0,1.29180902477,119.71349966199978,-84.3797,256.707,45000,0.00644005,12.090709630000674,-1821.93,0.296396,4.63008
-0.713071,3.523174908999863,-0.255811,45,-75.6988,476000,8.33226,-6.73861,643.764,376.157,6.67470403497,-3.06237,104.25289870899996,153.749,-403.474,-380.709,0.152184,2.13159,1.5548,-1.50015,5521.07282749801,1.05441216758,2.92831,1.81017,206.862,363.1163330078125,2.90821,-1272.47,1.9521,363.1163330078125,0,0.666618826372,119.88786081300077,-80.8327,218.33,46000,0.0205624,12.111787195000943,-1403.71,0.232876,2.47851
-0.728329,3.517161775000204,-0.438423,46,-92.8924,486000,7.35368,-6.63222,490.302,416.689,7.07654773404,-2.89116,104.17383528900064,168.451,-444.839,-410.917,0.162354,2.15817,0.923617,-1.65043,5640.885978169008,0.942383719413,2.86581,1.74502,220.257,334.0767517089844,2.95294,-1421.28,4.00962,334.0767517089844,0,0.438578126435,119.8165975969996,-88.5828,232.243,47000,0.0261073,12.12560053299876,-1520.77,0.467081,2.0923
-0.69734,3.5142450490002375,-0.246044,47,-94.1309,496000,7.92087,-5.56719,463.825,449.678,7.71854440892,-2.90812,104.25083603800067,102.193,-488.198,-447.967,0.166937,2.00803,1.14662,-1.54311,5760.74424811001,0.619800701745,3.19466,1.90497,224.975,356.01605224609375,3.03092,-1262.99,0.790578,356.01605224609375,0,1.48411118638,119.86977909300367,-93.2561,245.773,48000,0.00957932,12.104698006002764,-1357.86,-0.0788362,0.819105
-0.730796,3.503108869999778,-0.229491,48,-71.7329,506000,7.6467,-5.24932,142.683,320.581,7.39735301783,-3.05717,104.27767313299955,97.7151,-351.549,-318.752,0.198564,2.1119,0.605334,-1.57948,5880.627386164011,1.19650096244,3.03879,1.7231,201.282,413.7147216796875,3.2224,-1710.2,3.69886,413.7147216796875,0,0.586777908151,119.87904277599864,-68.8834,222.719,49000,0.0121083,12.09826077299931,-1885.75,0.678662,1.94923
-0.732487,3.507734511000308,-0.204543,49,-79.8417,516000,8.128,-5.66604,151.675,371.777,7.46645326594,-3.11673,104.33239543299987,123.439,-399.073,-368.928,0.185945,2.08784,1.23918,-1.51214,6000.558344431009,0.734439287148,2.96094,1.7652,264.498,373.02899169921875,2.87371,-1504.65,3.02253,373.02899169921875,0,0.915841478327,119.93699540299986,-73.3109,270.893,50000,0.000308421,12.096865458999673,-1612.86,0.499844,1.61137
-0.725742,3.502216345999841,-0.328507,50,-74.2511,526000,7.69271,-6.46584,197.893,352.616,9.16043353687,-3.08407,104.24070902499989,101.352,-385.232,-349.48,0.173021,2.11168,1.48853,-1.49421,6120.410601343012,1.06346133726,3.2438,1.71808,244.221,328.9659118652344,3.00443,-1638.19,0.64989,328.9659118652344,0,0.277096893614,119.84256182900208,-72.2755,256.222,51000,0.000168726,12.099636458002351,-1812.24,0.801846,0.948448
-0.708807,3.5124982359993737,-0.244779,51,-57.4242,536000,7.69311,-6.15189,376.596,351.083,8.41887889959,-3.03486,104.10782851300064,107.588,-381.704,-355.937,0.15538,2.12246,0.959784,-1.43327,6240.118774495006,0.865486055734,3.12382,1.84979,241.314,361.62872314453125,3.0816,-1436.68,3.01894,361.62872314453125,0,0.606948544378,119.71777783099424,-52.3395,252.875,52000,0.0185567,12.097451081994222,-1524.23,0.360318,1.46908
-0.712736,3.5033279480012425,-0.292204,52,-74.0741,546000,7.84713,-6.93922,264.803,349.377,6.69204463799,-2.99133,104.22190755699921,181.479,-385.303,-343.457,0.170047,2.13185,0.776055,-1.48934,6359.95746988001,0.505464885578,3.19667,1.86672,214.952,375.1226806640625,2.97608,-1364.14,6.57001,375.1226806640625,0,0.881026525419,119.83059976300319,-69.6895,233.758,53000,0.00870603,12.105364258002737,-1503.39,0.297939,5.21131
-0.725903,3.511973427999692,-0.35718,53,-45.0079,556000,7.61459,-7.49406,603.047,357.43,8.0364180033,-2.84786,104.23372057199958,69.0434,-391.456,-357.85,0.17669,2.03974,0.536486,-1.50557,6479.789893124012,0.376434018622,3.17591,1.81788,230.88,348.26422119140625,2.93451,-1420.79,0.679731,348.26422119140625,0,0.599817280551,119.84254791700005,-30.4694,250.066,54000,0.0127231,12.096853917000772,-1538.76,0.467442,0.107437
-0.719301,3.502325428000404,-0.398588,54,-44.9832,566000,7.88388,-7.5853,101.335,307.2,9.18791463951,-2.82985,104.29978084899994,52.3525,-340.694,-302.298,0.162975,2.10058,0.919249,-1.51669,6599.699912466016,0.896707294243,3.13009,1.72155,206.004,333.97991943359375,2.94665,-1747.66,1.72459,333.97991943359375,0,0.284045851693,119.90501782100546,-40.8749,229.843,55000,0.00174323,12.10291154400511,-1912.77,0.74843,0.737817
-0.710557,3.507848608000131,-0.366555,55,-48.356,576000,7.51382,-5.94402,204.353,390.01,10.1349735258,-3.06799,104.28677362000053,139.245,-426.419,-381.797,0.163855,2.08195,0.807007,-1.50293,6719.61098251602,0.583432375668,3.09518,1.85306,259.285,332.70025634765625,2.93122,-1412.68,0.820524,332.70025634765625,0,1.29633619056,119.89737633599907,-42.1004,280.731,56000,0.0100199,12.102754107998408,-1536.89,0.287241,0.344427
-0.726516,3.522069292001106,-0.27222,56,-48.8481,586000,7.55875,-6.60782,124.232,389.246,9.34008842718,-2.88999,104.24843463300022,36.8497,-426.983,-386.777,0.198698,2.07006,1.13849,-1.5487,6839.48473376302,1.06977537316,3.20202,1.89919,228.171,285.9053955078125,2.98747,-1465.63,2.15481,285.9053955078125,0,0.520382766802,119.88628799700382,-50.1025,253.285,57000,0.000508195,12.115784072002498,-1549.85,-0.0715586,1.35372
-0.727014,3.510054130001663,-0.356775,57,-44.9788,596000,7.95744,-6.55443,201.642,311.124,9.18005202442,-2.81426,104.1346179939992,57.5556,-340.532,-310.76,0.18436,2.13019,0.767401,-1.52938,6959.214010187026,0.868819155165,3.03279,1.79074,214.846,297.09027099609375,2.89828,-1442.15,0.644507,297.09027099609375,0,1.12731095508,119.73123367600601,-41.4547,229.965,58000,0.00712621,12.08656155200515,-1575.09,0.432274,0.392484
-0.715834,3.508657241000037,-0.271425,58,-41.1902,606000,7.81146,-8.14445,669.861,328.534,10.021409088,-2.84951,104.08521817300061,76.4614,-357.186,-326.604,0.178948,2.0652,0.979448,-1.52868,7078.900832155028,0.872395762525,3.03235,1.83086,222.936,293.6978759765625,2.92046,-1346.92,2.2767,293.6978759765625,0,1.22299007365,119.69444619100068,-39.7396,238.202,59000,9.7715e-05,12.10057077700003,-1485.77,0.299467,0.994935
-0.701157,3.501572954000949,-0.274315,59,-50.6281,616000,7.61019,-6.17635,179.664,340.475,8.30749768774,-2.84066,104.04604958399977,46.9097,-376.276,-342.086,0.164312,2.10001,0.884461,-1.47896,7198.559249840031,0.541148666103,3.19563,1.83578,226.991,315.91021728515625,2.99271,-1579.5,3.73122,315.91021728515625,0,0.341323121539,119.64734012599911,-49.4944,252.561,60000,0.000541873,12.099717587998384,-1771.89,0.475515,2.43059
-0.726169,3.513124851999237,-0.307372,60,-55.5807,626000,7.69504,-9.68731,112.015,318.076,8.70413833854,-3.08033,104.37083795800027,57.3405,-347.539,-318.46,0.157832,2.0824,0.906196,-1.51835,7318.558059112032,0.55723264072,3.07248,1.81949,220.584,314.5953369140625,2.95935,-1547.05,2.7139,314.5953369140625,0,2.1038560267,119.9932668290021,-52.3375,239.389,61000,0.000708681,12.109304019002593,-1680.44,0.39348,2.32138
-0.699251,3.5190946089987847,-0.197509,61,-55.9864,636000,7.7522,-4.92675,148.057,390.288,10.4822647005,-2.89561,104.23845000500114,67.4816,-432.86,-386.646,0.192845,2.05149,0.83475,-1.4847,7438.445094235034,1.35055964225,3.1837,1.89192,247.262,316.156494140625,2.86945,-1511.55,2.91647,316.156494140625,0,1.35593938702,119.89242303300125,-46.4391,273.605,62000,0.000805898,12.134878419001325,-1569.64,-0.109578,1.96994
-0.728574,3.514490088000457,-0.2082,62,-50.819,646000,9.68487,-5.78274,83.7083,264.778,11.6280310599,-3.11279,104.35874474800039,74.3069,-292.885,-260.005,0.191345,2.14331,0.895329,-1.5515,7558.399466824036,1.17670846357,2.84084,1.74968,186.369,351.3196105957031,2.95327,-1142.73,3.00039,351.3196105957031,0,1.0563601299,119.96472234400062,-47.7034,206.42,63000,0.000347368,12.091487507999773,-1166.64,0.454322,1.77691
-0.715006,3.504293168000004,-0.332903,63,-48.5904,656000,7.99017,-7.87499,277.511,331.843,10.9740918274,-3.11573,104.26499433499885,107.173,-367.931,-327.583,0.162362,2.13565,0.923899,-1.56395,7678.239186116034,0.830364146041,3.34439,1.93191,215.034,326.23468017578125,3.07222,-1324.58,1.46213,326.23468017578125,0,1.1810129441,119.84163734199683,-51.8033,239.707,64000,0.00078872,12.07234983899798,-1430.11,0.114431,0.919514
-0.682633,3.5028966360005143,-0.262513,64,-32.8651,666000,7.77031,-6.48194,68.5882,291.311,11.1292464002,-3.05942,104.31301841200002,41.5333,-329.154,-293.73,0.152253,2.08382,1.05587,-1.44243,7798.133014749043,0.880368639225,3.17912,1.87973,201.693,307.12384033203125,2.89945,-1420.71,1.70548,307.12384033203125,0,0.598807772676,119.89126996800405,-28.1528,228.75,65000,0.00201135,12.07535492000352,-1480.92,0.308898,1.62536
-0.719692,3.5062043119996815,-0.265401,65,-67.1382,676000,7.71198,-6.16155,154.148,268.169,11.2138710705,-2.83308,104.35101122100059,84.1381,-292.328,-265.191,0.161522,2.16018,0.77191,-1.50734,7918.088397404044,0.831586825936,2.96218,1.6724,164.604,281.2969970703125,2.92007,-991.309,0.485095,281.2969970703125,0,0.760192134462,119.9507931640037,-50.2204,178.816,66000,0.000371251,12.093577631003427,-1046.67,0.737685,0.165949
-0.714306,3.5111373670006287,-0.255145,66,-44.9905,686000,8.04405,-8.40232,378.364,282.869,10.817649116,-2.91581,104.21266824500162,51.6687,-319.623,-280.734,0.161599,2.11971,1.3422,-1.61492,8037.897277872038,2.15001788075,3.19975,1.78992,188.525,290.49072265625,2.9758,-1445.77,2.30256,290.49072265625,0,1.24814663754,119.79962126699684,-44.895,214.42,67000,0.000653841,12.075815654994585,-1481.25,0.60566,2.4663
-0.70549,3.5208406089986966,-0.239518,67,-38.1674,696000,7.63038,-6.44738,883.09,365.719,10.6293237777,-3.12688,104.41294047299925,63.3889,-404.731,-366.891,0.154336,2.08515,0.851696,-1.55891,8157.924799064032,1.01736471538,3.33166,1.89085,234.745,288.91375732421875,2.83757,-1631.51,2.42664,288.91375732421875,0,0.808198815487,120.02735967899571,-28.147,254.526,68000,0.00170614,12.093578596997759,-1830.1,0.382836,2.48843
-0.689067,3.5215797559994826,-0.196073,68,-64.587,706000,7.67915,-5.99986,112.015,396.679,10.4907510049,-3.00508,104.35109838299832,62.704,-433.604,-398.902,0.134021,2.0994,0.290123,-1.41544,8277.860477640033,0.552669920333,3.10685,1.88997,234.559,284.51263427734375,2.83548,-1484.36,3.38719,284.51263427734375,0,2.21244564597,119.9526080730011,-66.2761,258.923,69000,0.0249709,12.079929934003303,-1496.53,0.00602966,2.34198
-0.748506,3.5052340580004966,-0.224177,69,-43.7308,716000,7.27055,-6.31878,688.785,316.321,12.0319086803,-2.82579,104.063918535001,87.8124,-347.191,-311.869,0.215393,2.12783,0.980892,-1.58832,8397.506971976038,1.90517598834,2.95879,1.75502,214.108,275.862548828125,2.91083,-1217.89,3.42081,275.862548828125,0,1.39556223963,119.65055818700603,-41.5968,234.963,70000,0.000482861,12.081405594004536,-1342.1,0.483317,2.22142
-0.726223,3.5016626510005153,-0.337452,70,-35.2499,726000,8.46108,-6.01392,87.6616,311.958,11.0612352993,-3.00367,104.12847481200151,77.3445,-348.204,-310.241,0.171641,2.09787,0.967993,-1.51707,8517.233708709044,1.1337891886,3.27895,1.90477,236.06,303.4375305175781,2.8941,-1892.13,3.68026,303.4375305175781,0,0.615692876089,119.71300709900606,-31.7603,259.953,71000,0.000332829,12.082869636004034,-1978.93,0.0674612,3.88106
-0.724195,3.51599127100053,-0.322989,71,-44.7929,736000,7.36404,-6.19285,112.733,262.602,10.7439508225,-2.80809,104.28921261700089,98.9878,-294.208,-268.11,0.168575,2.0775,0.809359,-1.40849,8637.11401450504,0.312450845887,3.05353,1.80176,182.898,253.8551025390625,2.9582,-1468.1,0.904879,253.8551025390625,0,2.29094175665,119.89333331799571,-44.1338,200.605,72000,0.0010023,12.088129429994297,-1545.31,0.456431,0.085599
-0.716025,3.5034824260001187,-0.242586,72,-33.2167,746000,7.59291,-10.2536,52.3163,293.52,10.8207872977,-2.94757,104.03331708800033,37.2501,-331.609,-289.521,0.172605,2.0958,0.651651,-1.64438,8756.728482878041,1.50842596178,3.24385,1.8882,199.551,281.2072448730469,2.80551,-1458.27,0.949376,281.2072448730469,0,1.18799326856,119.61382325500381,-29.3123,226.994,73000,0.00289859,12.077023741003359,-1559.32,0.266315,0.21148
-0.71134,3.5047093180000957,-0.294009,73,-49.8958,756000,8.24774,-6.79373,57.0513,355.838,10.7671101404,-2.90664,104.34749448999901,65.6027,-399.16,-358.637,0.162488,2.10344,0.590671,-1.42136,8876.662345368037,1.19173467979,3.36616,1.94208,229.283,267.0079345703125,2.86248,-1308.08,1.39751,267.0079345703125,0,0.671321212583,119.93427032399632,-51.1857,258.413,74000,0.0142234,12.082066515997212,-1430.09,-0.0333685,1.60379
-0.731637,3.50488254299853,-0.325041,74,-41.3677,766000,7.51266,-7.71316,71.3387,258.795,10.5089152073,-2.87181,104.2298697039987,74.6839,-289.554,-262.69,0.186967,2.17155,0.642583,-1.4574,8996.44679521303,0.870865027507,3.12916,1.79398,205.733,267.3316650390625,2.85391,-1326.0,0.723504,267.3316650390625,0,0.995471484762,119.7910224909956,-39.7476,230.133,75000,0.00018147,12.05627024399837,-1457.0,0.52322,0.137716
-0.726598,3.4988863990001846,-0.268016,75,-49.1204,776000,7.65446,-6.23102,71.2858,287.321,10.9211986431,-2.78792,104.2754668790003,55.23,-322.396,-282.291,0.195834,2.17188,0.81238,-1.53713,9116.307380991027,1.69704473756,3.04189,1.78994,218.993,271.32269287109375,2.91438,-1437.86,3.64472,271.32269287109375,0,0.95481662971,119.8563734349973,-50.329,247.546,76000,0.00105506,12.082020156996805,-1529.68,0.522786,3.5321
-0.709961,3.5036856240003544,-0.264213,76,-60.3119,786000,7.71623,-6.85897,110.713,282.507,10.7848322571,-2.89946,104.6300939899993,45.6522,-313.978,-282.965,0.160371,2.1947,1.04402,-1.42597,9236.510228546027,1.74026952217,3.17897,1.87453,208.911,251.79591369628906,2.84455,-1153.5,1.2488,251.79591369628906,0,1.52585867053,120.2055536550015,-60.7541,232.267,77000,0.0220207,12.071774041001845,-1190.37,0.253625,1.67354
-0.720364,3.5015771689995745,-0.275812,77,-55.4391,796000,8.38197,-6.43167,390.029,305.888,11.7645681239,-2.97634,104.64163689199995,125.617,-340.675,-313.191,0.147809,2.09325,0.690698,-1.41277,9356.68078257403,0.55896724836,3.23806,1.88061,220.746,234.71978759765625,2.84347,-1279.2,6.16589,234.71978759765625,0,1.32797522185,120.16931207300331,-56.1386,240.594,78000,0.000512515,12.026098012003786,-1417.66,0.277341,5.06983
-0.756237,3.5035494419989845,-0.403061,78,-45.7434,806000,7.56489,-9.59913,59.2826,231.55,11.5354808837,-2.79535,104.687126154,43.7211,-258.921,-227.981,0.197524,2.27085,0.704595,-1.47444,9476.88244561803,1.44671770226,2.91195,1.76131,192.977,227.11309814453125,2.86639,-1244.87,4.72786,227.11309814453125,0,1.57362839143,120.20070577900151,-36.9025,216.352,79000,0.00460074,12.010030183002527,-1387.5,0.409118,3.91383
-0.713767,3.505011821998778,-0.164326,79,-45.437,816000,7.87245,-5.49745,44.9832,306.028,10.3462924675,-2.88498,104.43603444099972,21.6669,-342.601,-306.122,0.174982,2.19145,0.84159,-1.41807,9596.88643442303,1.91426722185,3.11495,1.86535,231.693,242.14810180664062,2.88069,-1759.99,5.2556,242.14810180664062,0,1.08369043308,120.00463310099803,-44.0204,261.182,80000,0.00431698,12.063586837999537,-1945.19,0.260751,5.10369
-0.719587,3.504971276001015,-0.246185,80,-57.6764,826000,7.87971,-6.23993,494.25,326.765,11.2954289899,-2.9368,104.68807934100005,38.4563,-363.388,-326.172,0.164096,2.19386,0.871684,-1.48358,9717.11491477703,0.986838470459,3.03898,1.84279,233.41,224.1926727294922,3.00565,-1294.47,0.744934,224.1926727294922,0,1.62136788789,120.2294294330004,-58.3004,258.682,81000,0.00568757,12.036378815999342,-1429.93,0.264805,0.278518
-0.710176,3.5046492799992848,-0.351835,81,-45.3916,836000,8.11317,-6.94512,170.711,296.88,11.8613295614,-2.90011,104.59129594700062,64.3462,-333.086,-296.064,0.169391,2.11484,0.519578,-1.40924,9837.242043337032,0.880256670837,3.07509,1.88152,215.686,224.72357177734375,2.80784,-1522.12,4.27451,224.72357177734375,0,0.391135058471,120.13029894700412,-41.8557,241.35,82000,0.000747269,12.03435372000422,-1638.74,0.0920586,3.76805
-0.703787,3.50211845999911,-0.253434,82,-41.5234,846000,8.87725,-6.29515,211.676,306.685,10.6358709586,-2.95824,104.82960980899952,48.0065,-340.612,-304.706,0.183695,2.20246,0.768282,-1.44816,9957.60782516903,0.527583919946,2.91767,1.84597,240.981,235.779296875,3.05263,-1484.13,1.78854,235.779296875,0,0.811407625441,120.36453631699987,-42.1719,264.619,83000,0.00279225,12.032808048001243,-1570.19,0.0126646,1.18059
-0.726992,3.503921805000573,-0.340436,83,-44.7308,856000,7.56224,-10.7455,45.4988,274.515,11.5249549758,-2.9275,105.10357318099886,29.0271,-306.117,-276.674,0.177218,2.18116,0.650106,-1.45266,10078.236191877038,0.858285173356,3.05794,1.72698,227.255,226.4789581298828,2.90193,-1356.72,0.690292,226.4789581298828,0,1.17296240452,120.62779105600384,-48.0687,256.12,84000,0.0114141,12.020296070004406,-1474.42,0.691252,0.18282
-0.703951,3.50517258400032,-0.272758,84,-50.2013,866000,8.26994,-8.4754,180.83,353.354,11.5008560869,-2.90657,104.9580118949998,78.3099,-395.706,-348.746,0.14924,2.17907,0.575626,-1.40051,10198.753757483044,1.13168149966,3.26333,1.92105,257.09,213.24017333984375,3.03894,-1703.36,1.80363,213.24017333984375,0,0.514414138403,120.51714564900249,-51.8595,289.024,85000,0.00416416,12.053961170002367,-1795.97,0.132181,2.01032
-0.734398,3.5061483629997383,-0.3334,85,-46.6092,876000,7.82531,-8.13832,54.6735,252.05,10.7784959608,-2.79898,105.2019481389998,32.0202,-283.207,-251.321,0.1864,2.20585,0.727971,-1.4792,10319.479760276045,1.98428351864,3.0083,1.79295,189.3,208.91452026367188,2.87897,-1723.32,5.2409,208.91452026367188,0,0.534284662027,120.72814784200091,-44.6553,214.456,86000,0.0144167,12.020051340001373,-1787.2,0.446288,4.91367
-0.694546,3.50464427299994,-0.292804,86,-38.1878,886000,7.72309,-7.30382,49.2382,249.328,11.5268003104,-2.95314,104.52544099199986,23.104,-283.19,-248.355,0.158336,2.1566,0.58787,-1.38522,10439.531576648042,0.665844912674,3.19443,1.86197,170.476,242.75003051757812,2.85546,-1240.46,1.39677,242.75003051757812,0,0.603950406637,120.05133575399668,-35.6949,192.847,87000,0.00171897,12.021250488996884,-1407.75,0.401751,1.05366
-0.735245,3.5057252570004493,-0.309426,87,-37.8555,896000,7.67064,-5.25572,45.6507,259.749,11.3560276533,-2.99307,104.82820604600056,25.5422,-290.856,-262.102,0.178548,2.24001,0.73031,-1.4309,10559.884568519048,0.88483999475,2.99258,1.81774,217.111,217.62742614746094,2.92672,-1419.59,0.590216,217.62742614746094,0,0.765809328112,120.35396806200697,-35.608,243.894,88000,0.00681834,12.020036759005961,-1549.28,0.30416,0.215585
-0.716513,3.5054343570009223,-0.262075,88,-44.6417,906000,7.58051,-6.33907,125.955,259.056,12.1569421238,-2.79108,103.9638352869988,56.2177,-289.363,-255.088,0.16998,2.18005,1.38375,-1.4489,10679.383842582047,1.59158631006,3.14206,1.76626,196.081,213.103271484375,2.99758,-1525.74,1.59256,213.103271484375,0,1.2116631487,119.5068390769975,-42.5617,222.468,89000,0.026402,12.03756943299777,-1606.1,0.638391,2.3384
-0.743095,3.49850343000071,-0.223056,89,-38.638,916000,7.58875,-6.07762,700.769,250.964,11.9055362692,-2.90021,104.02169255899935,57.2903,-276.97,-247.054,0.192032,2.17718,0.55661,-1.48371,10798.977246987048,0.309767762398,2.93494,1.76752,199.494,197.08346557617188,2.95555,-1463.42,2.43422,197.08346557617188,0,1.28345458334,119.57511131600222,-38.4993,224.265,90000,0.00669245,12.054915327002163,-1522.86,0.427886,1.05353
-0.748482,3.5174511280001752,0.0976195,90,-37.0876,926000,7.56743,-6.89716,1433.33,248.565,11.896127727,-2.8178,104.08270056400033,22.512,-282.901,-247.917,0.209494,2.19131,0.570049,-1.49943,10918.630502154041,0.83906838696,2.99321,1.78789,209.38,250.7169189453125,2.91768,-1204.53,1.64296,250.7169189453125,0,1.99268248558,119.65990705299555,-36.54,238.457,91000,0.00406874,12.059755360995041,-1447.19,0.39426,1.89064
-0.750605,3.5114628610008367,-0.349996,91,-36.74,936000,8.01694,-5.47789,49.4335,222.955,12.8706308589,-2.8829,104.05030501500005,25.7209,-251.657,-223.442,0.208596,2.12863,0.661741,-1.51157,11038.246257072042,1.15239402634,2.95301,1.73809,195.976,256.6836853027344,2.91958,-1321.1,1.67856,256.6836853027344,0,1.16522735412,119.61554460700427,-34.0936,219.302,92000,0.00540005,12.053776731003381,-1534.69,0.530083,2.33822
-0.754179,3.512376829999994,0.00776142,92,-37.0375,946000,7.81715,-5.74652,30.8395,216.417,11.9775007422,-2.83093,104.04805009699885,21.3021,-244.823,-219.184,0.217504,2.16862,0.493887,-1.55636,11157.855244689048,0.900683454025,2.87312,1.65455,197.384,235.29104614257812,2.86639,-1336.58,5.21725,235.29104614257812,0,1.09627530691,119.6112642210046,-38.6158,222.728,93000,0.00629215,12.05083729400576,-1380.37,0.704051,4.7996
-0.768871,3.510740863999672,-0.23349,93,-42.9117,956000,7.66188,-9.89577,33.2966,218.075,11.6978550847,-2.89422,104.1159709980002,13.8839,-244.058,-216.947,0.219357,2.21905,0.503155,-1.53347,11277.523436636047,1.1872814318,2.88103,1.74841,190.522,216.56539916992188,2.98049,-1453.89,1.40919,216.56539916992188,0,0.61569701651,119.66234510100367,-43.1505,216.002,94000,0.00710291,12.0356332390038,-1596.04,0.398599,1.1976
-0.72075,3.517306523001025,-0.172557,94,-38.7106,966000,7.56625,-5.48665,732.815,300.932,12.2878453346,-2.97612,104.03958341100042,114.928,-340.55,-309.194,0.176559,2.15425,0.629607,-1.59702,11397.114822042053,1.14304853358,3.14211,1.86056,233.025,226.46299743652344,2.8841,-1240.7,2.09623,226.46299743652344,0,0.534009648565,119.59928212400155,-37.7969,258.862,95000,0.00371465,12.0423921900001,-1324.21,0.315238,1.95928
-0.730217,3.510046784000224,-0.214684,95,-37.3051,976000,8.38616,-6.35038,25.6311,236.736,12.4862284938,-2.88867,103.98681657399902,16.6359,-266.709,-234.165,0.200424,2.1155,0.561046,-1.49546,11516.64168376305,0.868411382558,2.95803,1.74028,206.054,225.1859130859375,2.87848,-1136.61,2.83616,225.1859130859375,0,1.33443503389,119.52619643499929,-30.0627,232.633,96000,0.00392502,12.029333077000047,-1320.44,0.561097,1.10808
-0.756174,3.511394790999475,-0.338188,96,-38.8548,986000,7.44511,-7.1114,26.2585,253.171,12.5534889567,-2.91471,104.12948790600058,15.9839,-284.132,-253.394,0.216662,2.21364,0.580234,-1.52291,11636.352419647053,1.93467657398,2.99086,1.79147,212.666,233.49717712402344,2.80294,-1294.22,4.41238,233.49717712402344,0,0.592453746125,119.71315743900232,-41.6845,240.862,97000,0.00370621,12.072274742002264,-1372.61,0.391331,4.42755
-0.743215,3.509693312998934,-0.287315,97,-42.9472,996000,7.62547,-6.3872,48.6372,225.996,11.6559870325,-2.92098,104.04662829900008,17.756,-254.397,-227.49,0.194956,2.17236,0.452289,-1.59137,11755.952840704045,1.25481799834,3.00091,1.77903,195.407,210.3701171875,2.88171,-1224.89,1.05231,210.3701171875,0,1.64213110782,119.5983359249949,-41.7578,218.644,98000,0.00596999,12.042014312995889,-1315.33,0.421771,1.09809
-0.727076,3.5125022049996915,-0.261632,98,-34.4036,1006000,7.47399,-6.45267,449.428,252.25,12.5188000731,-2.90713,104.06125388500004,65.0802,-280.807,-250.664,0.19325,2.20128,0.767348,-1.55363,11875.591137732048,1.46686853967,2.87566,1.7929,219.942,212.12753295898438,2.88735,-1453.86,4.93152,212.12753295898438,0,0.062348105682,119.64224866699806,-36.4477,244.958,99000,0.00809535,12.068492576998324,-1608.07,0.260222,3.71332
-0.752388,3.509222396000041,-0.367856,99,-38.2423,1016000,7.76177,-6.50869,22.4543,232.677,12.4608415862,-2.88942,104.1421262240001,14.2123,-261.5,-234.547,0.206116,2.16975,0.559483,-1.54985,11995.238743993048,1.1219623421,2.81716,1.75801,210.168,211.81838989257812,2.84471,-1464.5,2.36699,211.81838989257812,0,0.308872136,119.69638268400195,-38.4621,235.521,100000,0.0102117,12.045034064001811,-1543.22,0.303529,2.51558
-0.710165,3.461126031999811,-0.253492,100,-37.3609,1026000,7.46654,-6.49329,31.8596,261.664,12.268982312,-2.88608,104.377268405,11.1181,-295.836,-263.043,0.18304,2.22243,0.536976,-1.57553,12115.103085143046,1.1043178966,2.99785,1.84877,220.81,208.53350830078125,2.955,-1319.38,4.73193,208.53350830078125,0,1.99205268472,119.86402027599615,-36.4514,249.418,101000,0.0070403,12.025625838996348,-1493.44,0.128236,3.9317
-0.764201,3.462198282000827,-0.21436,101,-39.4067,1036000,7.59708,-9.03617,640.291,232.77,12.562086986,-2.83623,104.27786237100008,16.4512,-260.48,-232.007,0.232993,2.13292,0.640944,-1.62983,12234.856996600049,2.54541794155,2.8616,1.68613,195.677,188.09449768066406,2.83479,-1100.64,6.69894,188.09449768066406,0,1.64275967026,119.75442145500347,-38.5594,217.823,102000,0.00641046,12.014360802002557,-1229.94,0.59888,7.08455
-0.76373,3.462580777000767,-0.31207,102,-34.7179,1046000,8.14009,-7.62072,578.898,243.936,12.3756344738,-2.85826,105.28129220200026,44.706,-272.448,-246.941,0.21821,2.23149,0.553038,-1.47218,12355.668818763046,1.66315293983,2.84775,1.72213,223.985,172.99917602539062,2.8982,-1701.27,1.49949,172.99917602539062,0,1.78191553114,120.79253091199644,-33.3733,249.692,103000,0.0104,12.048657932995411,-1805.63,0.504892,2.15544
-0.724086,3.4833893150007498,-0.26502,103,-28.3579,1056000,7.64314,-6.73653,1511.93,257.941,12.210951284,-2.95662,105.27109067799938,48.7052,-297.837,-260.717,0.183562,2.11882,0.559232,-1.5722,12476.492977045044,1.78764176447,3.2532,1.90038,220.318,191.25723266601562,2.83007,-1437.56,5.5509,191.25723266601562,0,1.54785198436,120.82923192199632,-27.9867,246.536,104000,0.00873325,12.074751928996193,-1578.09,0.160159,5.73457
-0.777088,3.4790145050010324,-0.336403,104,-36.0807,1066000,7.8443,-6.45266,28.7734,210.358,12.5998763742,-2.82091,105.24570454900095,12.1647,-236.053,-210.15,0.238891,2.25907,0.729237,-1.4801,12597.293274786045,0.599977848262,2.73918,1.66219,197.714,203.92225646972656,2.83876,-1500.09,5.707,203.92225646972656,0,1.4706161772,120.8010158670022,-35.8871,224.384,105000,0.0150459,12.076296813000226,-1534.6,0.591582,6.31823
-0.767942,3.479086985000322,-0.362704,105,-35.9925,1076000,7.64461,-7.56309,23.4623,205.815,12.0539196856,-2.80122,105.00969933600027,8.49669,-232.597,-206.963,0.240559,2.13702,0.809652,-1.60852,12717.846712370052,0.0,2.79035,1.56693,181.184,178.00201416015625,2.95473,-1295.03,2.47785,178.00201416015625,0,0.942590191482,120.55723590800517,-35.1527,204.282,106000,0.0153987,12.06844958700458,-1408.78,0.844746,2.47095
-0.734431,3.4759530419996736,-0.299467,106,-34.7527,1086000,8.04208,-5.28425,449.806,261.31,11.7745141839,-2.80916,104.87695331900068,55.5226,-293.375,-260.134,0.20615,2.16093,0.81574,-1.51478,12838.355936359056,0.553807747456,3.07855,1.8134,219.587,190.49392700195312,2.91052,-1681.57,3.68984,190.49392700195312,0,1.15281810308,120.44748139500552,-33.8052,245.32,107000,0.0142242,12.094575034005175,-1881.15,0.415808,4.12673
-0.754589,3.5384861469992757,-0.325133,107,-37.185,1096000,7.53672,-7.78828,1884.55,250.524,12.0313977262,-2.97143,104.01026431299942,75.4791,-285.493,-255.387,0.225557,2.1307,1.09228,-1.66311,12957.965253873053,0.88289414165,3.11175,1.81858,201.442,191.14288330078125,2.86692,-1435.6,1.16601,191.14288330078125,0,0.596125313304,119.6069747329966,-39.6793,227.249,108000,0.0675926,12.058224272997904,-1590.02,0.380388,2.59935
-0.742592,3.5415325760004635,-0.283251,108,-37.7319,1106000,7.30197,-6.36181,32.6323,227.689,12.4783897798,-2.97298,104.71980686000097,23.7613,-258.713,-229.671,0.220392,2.22388,0.64305,-1.53066,13078.287788610056,1.10518320362,2.82685,1.78573,202.83,223.52662658691406,2.87427,-1500.09,4.21991,223.52662658691406,0,0.788971375689,120.35204958900431,-38.9108,229.588,109000,0.00794491,12.090710153002874,-1655.8,0.197585,2.5085
-0.769736,3.512824830999307,-0.247859,109,-39.6316,1116000,7.57197,-6.69168,24.7007,225.298,11.740947742,-2.9204,105.62200588199994,15.2496,-253.974,-222.636,0.244113,2.2139,0.473649,-1.60483,13199.498231665057,1.65830993407,2.89763,1.76295,204.819,201.349853515625,2.91097,-1430.07,4.0081,201.349853515625,0,1.17145241296,121.21990559700134,-39.7207,231.338,110000,0.010727,12.085074884002097,-1509.24,0.386988,6.31439
-0.768468,3.5041261360001954,-0.255248,110,-42.4062,1126000,7.69563,-5.1682,28.0585,225.227,12.4028885225,-2.87706,105.64940218800075,10.4544,-253.509,-226.017,0.231044,2.17562,0.59328,-1.64028,13320.748469073058,1.2152987861,2.82442,1.76722,204.285,216.20611572265625,2.85819,-1391.27,4.39077,216.20611572265625,0,0.246963823656,121.23956647100204,-43.2182,230.722,111000,0.00651573,12.08603814700109,-1416.99,0.30691,2.74807
-0.761236,3.515535942999122,-0.275424,111,-39.1155,1136000,7.91312,-6.48838,35.4026,216.789,12.3826904455,-3.01134,105.62912553899878,37.0194,-244.374,-220.897,0.221818,2.20558,0.584495,-1.66283,13441.955718243058,1.27427138219,2.93671,1.78358,193.952,190.95428466796875,2.96552,-1468.05,4.78489,190.95428466796875,0,1.75882934676,121.21856047100118,-42.6912,218.19,112000,0.0144967,12.073898989003283,-1565.47,0.294436,5.33688
-0.779424,3.505099137999423,-0.331015,112,-40.7666,1146000,7.58094,-4.99984,16.7733,198.259,12.4784111223,-2.87437,105.72653642499972,15.3496,-224.417,-195.396,0.245402,2.18738,0.604664,-1.67757,13563.25497247805,1.22281286898,2.80171,1.62503,170.655,192.23385620117188,2.88335,-1403.98,5.05426,192.23385620117188,0,1.73564563608,121.31249224099156,-40.5399,194.618,113000,0.0170777,12.080856677992415,-1585.2,0.710675,4.29954
-0.780473,3.4926140110001143,-0.19309,113,-38.3338,1156000,8.02925,-9.62983,39.7558,211.08,12.4440322185,-2.83037,105.14633515799869,17.3221,-239.591,-212.131,0.242583,2.20698,0.506744,-1.60559,13683.991664897052,0.619041374598,2.78961,1.7223,200.852,183.74383544921875,2.88025,-1780.9,2.27715,183.74383544921875,0,0.827094970067,120.71613965899996,-39.8217,226.872,114000,0.0166473,12.077190490001158,-1882.63,0.459027,2.59755
-0.772597,3.513950444999864,-0.260683,114,-39.5616,1166000,7.55441,-8.5463,228.027,213.496,13.3654244542,-2.84213,104.07848304000072,48.3094,-240.615,-213.806,0.233141,2.20134,0.546381,-1.53606,13803.689767890048,0.889130280731,2.76556,1.6822,174.422,175.52679443359375,2.85567,-1222.15,3.463,175.52679443359375,0,0.49543541085,119.69741107699701,-40.0471,197.473,115000,0.0132844,12.10497759199643,-1277.74,0.55414,5.89015
-0.738815,3.5154335989991523,-0.238272,115,-41.5201,1176000,7.93339,-6.26205,25.2686,251.593,12.6165004569,-2.77411,104.0942941250014,14.1605,-285.021,-253.15,0.208918,2.126,0.759947,-1.47751,13923.400911657041,1.45745676758,2.90592,1.69806,231.025,162.98178100585938,2.91552,-1698.79,6.7109,162.98178100585938,0,1.98665491985,119.70943451299354,-40.8619,261.401,116000,0.0162245,12.09970678899299,-1835.52,0.661608,7.2169
-0.789354,3.5179510449997906,-0.259874,116,-41.0219,1186000,7.54856,-8.50293,19.4159,199.897,12.5632407699,-2.87672,104.09666132200073,6.70393,-226.677,-200.048,0.249973,2.16363,0.654159,-1.61169,14043.107407449044,1.19897953765,2.75193,1.64494,186.379,164.27767944335938,2.84596,-1425.18,3.02048,164.27767944335938,0,1.15649053235,119.70552719400075,-41.7353,212.866,117000,0.0236992,12.090914827000233,-1494.08,0.626262,1.8694
-0.762355,3.5196756679997634,-0.349337,117,-41.0021,1196000,7.95506,-5.99768,28.9416,215.015,11.8316553759,-2.97283,104.14928035199955,31.7525,-243.305,-218.223,0.219459,2.22276,0.44758,-1.56377,14162.870276949045,1.49980176277,2.93222,1.64646,188.947,163.14187622070312,2.93668,-1309.26,8.92382,163.14187622070312,0,1.39915552471,119.76841055499972,-42.6129,211.762,118000,0.020543,12.099454535000405,-1392.64,0.761328,7.5881
-0.755423,3.515104006999536,-0.271117,118,-40.3119,1206000,7.7014,-9.27254,57.6793,243.231,12.1566770636,-2.88173,104.13560021400008,12.9882,-274.266,-242.21,0.231993,2.12874,0.633629,-1.65054,14282.601746694052,1.3506675111,2.89408,1.73582,216.12,161.6843719482422,2.93508,-1449.39,5.30093,161.6843719482422,0,0.539203348336,119.74441659100194,-40.5249,242.777,119000,0.0176662,12.093712370002322,-1586.91,0.544446,8.63619
-0.763217,3.5028920140030095,-0.347697,119,-34.3284,1216000,7.81557,-5.4542,32.7069,221.562,12.5111990689,-2.91165,104.16912416999912,12.9891,-249.324,-221.261,0.222266,2.16156,0.664939,-1.62702,14402.38446538304,1.8314077384,2.8363,1.77001,202.112,199.03704833984375,2.8913,-1307.6,3.43836,199.03704833984375,0,1.99002126776,119.77828449599474,-40.9489,230.009,120000,0.0172152,12.106268311992608,-1473.49,0.304929,2.63383
-0.790029,3.5083520179978223,-0.32901,120,-39.0762,1226000,7.65901,-6.57507,18.1559,193.744,12.347349243,-2.90048,104.11450391999824,11.0696,-218.783,-192.316,0.238871,2.19765,0.559047,-1.58856,14522.103280196045,1.31351134711,2.7152,1.6246,178.187,165.54678344726562,2.92632,-1319.41,1.81231,165.54678344726562,0,1.14243987652,119.71754248499201,-38.2788,203.301,121000,0.0182002,12.094686546995945,-1478.9,0.662392,3.46578
-0.772185,3.510509544001252,-0.318226,121,-38.3971,1236000,7.82665,-7.39062,12.033,207.004,12.6078541026,-2.87157,104.17144980800003,6.21862,-233.983,-208.118,0.228143,2.23423,0.596123,-1.58216,14641.89585863704,0.611200906991,2.75513,1.72353,198.01,167.6513671875,2.92395,-1388.34,2.16743,167.6513671875,0,0.954374585587,119.78992646699771,-40.8308,224.071,122000,0.0159367,12.107967114996427,-1484.03,0.387076,2.25343
-0.779166,3.514095079000981,-0.254849,122,-39.8376,1246000,7.92046,-6.83486,21.1385,223.443,12.5888730531,-2.98816,104.13473656199858,11.578,-251.096,-225.261,0.226469,2.26349,0.51707,-1.44688,14761.629217010033,0.960385676141,2.79721,1.73134,212.215,193.61717224121094,2.9332,-1409.1,14.6308,193.61717224121094,0,1.1699436655,119.73932385298758,-42.568,239.391,123000,0.013503,12.090492211988021,-1451.17,0.441892,7.29654
-0.786936,3.508936090998759,-0.346995,123,-37.8876,1256000,7.56407,-6.07161,26.6218,201.62,11.1140893726,-3.00093,104.1639482089995,14.0154,-225.547,-198.836,0.251043,2.15228,0.522805,-1.54701,14881.389197287024,1.33105991138,2.7756,1.67,192.774,168.3575897216797,2.85512,-1423.72,3.57939,168.3575897216797,0,0.552739141039,119.76286062399231,-35.2391,216.148,124000,0.0292769,12.089976323994051,-1510.07,0.537722,3.92584
-0.75677,3.5068612129980465,-0.316223,124,-40.1622,1266000,7.95212,-7.31236,146.413,215.758,12.6648291589,-2.99444,104.20071211699906,109.369,-241.936,-223.151,0.233006,2.18598,0.5665,-1.58187,15001.210907932016,1.39684690358,2.7132,1.62451,189.292,183.33299255371094,2.83429,-1247.42,1.68453,183.33299255371094,0,0.274394343432,119.82365646399558,-43.7434,212.58,125000,0.0234498,12.116083133998472,-1350.58,0.690791,4.51486
-0.768689,3.5057938790014305,-0.319558,125,-36.8578,1276000,7.64846,-6.28845,36.7253,214.646,12.4987790189,-2.91034,104.05783082600101,23.7083,-240.588,-215.63,0.230568,2.225,0.649007,-1.49672,15121.044007202023,1.95439304731,2.80644,1.64831,200.504,166.74911499023438,2.90887,-1189.63,3.69222,166.74911499023438,0,1.49872431621,119.66397228200367,-41.2371,226.447,126000,0.0294594,12.10034757700123,-1267.31,0.680883,4.18696
-0.783231,3.67576993900002,-0.340767,126,-39.1694,1286000,7.62287,-8.24269,16.8673,202.279,12.4354856871,-2.87459,103.35462499300047,9.09813,-228.246,-201.747,0.238337,2.16759,0.708534,-1.53817,15240.710101286024,0.884386622061,2.84393,1.74295,185.839,170.78045654296875,2.88229,-1358.45,1.53425,170.78045654296875,0,1.03720503064,119.67945999699441,-39.4468,209.804,127000,0.0224145,12.64906506499392,-1433.52,0.358351,2.59397
-0.762224,3.663251095000305,-0.272933,127,-42.4242,1296000,7.73394,-8.36664,68.2813,217.231,12.8109819604,-2.89488,104.35083612699964,38.2212,-244.388,-219.721,0.224181,2.23864,1.81336,-1.59275,15361.272542576038,1.15316858985,2.77085,1.70833,196.091,212.23272705078125,2.87413,-1175.0,3.89953,212.23272705078125,0,2.23549535427,120.55970256400906,-44.2325,221.444,128000,0.0582868,12.545615342009114,-1314.52,0.446431,4.79284
-0.77017,3.666853763999825,-0.303653,128,-39.0472,1306000,7.69517,-6.35525,24.3709,191.108,12.3322733378,-2.82108,104.19039360700117,5.56753,-217.993,-192.195,0.242563,2.2053,0.565761,-1.52254,15481.635021980039,0.34497918548,2.83978,1.64885,166.646,146.84994506835938,2.82581,-1124.78,2.15064,146.84994506835938,0,1.91643195903,120.40110726800049,-40.1419,189.729,129000,0.040015,12.543859896999493,-1265.47,0.715678,4.68882
-0.76644,3.629091722999874,-0.323211,129,-35.992,1316000,7.78787,-5.38531,34.1905,184.346,12.9249350827,-2.81882,104.53369984699748,19.029,-205.741,-180.963,0.236362,2.12338,0.668652,-1.45973,15602.398930297039,1.40511070346,2.71113,1.61743,158.96,144.7211151123047,2.82568,-1310.8,4.27786,144.7211151123047,0,0.264416883107,120.72551939700134,-35.8874,180.39,130000,0.0361502,12.562727827003982,-1343.6,0.680638,5.72354
-0.753685,3.668401962000644,-0.275704,130,-40.8212,1326000,7.56253,-5.74448,42.6854,250.428,12.5879620474,-2.82595,104.65229202299815,14.5196,-283.383,-250.976,0.222144,2.16742,1.32888,-1.48793,15723.267135147033,1.31439759809,2.94576,1.81274,224.494,156.48655700683594,2.88944,-1359.73,0.525496,156.48655700683594,0,1.26387400624,120.8694392789912,-40.5953,252.977,131000,0.0889092,12.548745293992397,-1503.4,0.22693,1.78597
-0.777498,3.6680832970014308,-0.293015,131,-37.2482,1336000,7.92201,-7.42951,20.1939,223.181,12.545014807,-2.94894,104.147154151,31.8086,-252.373,-223.173,0.246061,2.19367,0.594417,-1.57073,15843.63242283703,1.12890933415,2.82829,1.74669,214.522,144.20840454101562,2.90029,-1503.46,2.36189,144.20840454101562,0,1.43477025,120.36722333000216,-38.9647,244.038,132000,0.0309795,12.551985882000736,-1565.5,0.366694,6.43423
-0.795175,3.6670321249985136,-0.308465,132,-38.8391,1346000,7.59207,-9.18863,32.0776,204.648,12.7604512802,-2.82549,104.42831613900125,46.4065,-227.969,-199.741,0.246371,2.22155,0.598027,-1.44941,15964.30410788104,1.67765918122,2.70499,1.74361,196.194,157.23216247558594,2.87386,-1277.82,5.34885,157.23216247558594,0,0.637798684936,120.67499289999978,-36.3905,223.672,133000,0.0331373,12.579644636000012,-1439.89,0.129975,5.2498
-0.769451,3.6645338560010714,-0.279395,133,-36.6869,1356000,7.89545,-6.36982,24.8919,233.007,11.9011735577,-2.91251,104.56311632500001,19.4698,-263.219,-233.831,0.236719,2.24629,0.577883,-1.44156,16085.09433899004,1.73903712899,2.94271,1.81122,225.258,153.68304443359375,2.84753,-1440.01,13.6718,153.68304443359375,0,0.894973775055,120.79206244299712,-37.3981,251.578,134000,0.0370818,12.56441226199604,-1532.52,0.210402,8.22429
-0.764636,3.6636642119992757,-0.331193,134,-36.4258,1366000,8.0273,-6.78787,17.992,233.967,12.8301122237,-2.89227,103.87049096299961,9.89155,-263.808,-235.315,0.232741,2.13656,1.79367,-1.5674,16205.181669286043,2.33276390168,2.83675,1.76231,218.362,159.27127075195312,2.86867,-1381.92,3.76342,159.27127075195312,0,1.39585982671,120.09087411600194,-38.3381,244.689,135000,0.109816,12.556718941003055,-1482.56,0.385654,5.1721
-0.755388,3.661003258999699,-0.287339,135,-35.8595,1376000,7.9169,-5.79219,21.0808,243.062,12.6126831834,-2.91969,103.6173102419998,7.14631,-276.55,-242.528,0.227113,2.28197,0.635934,-1.48725,16325.011395764037,0.815918441662,2.86538,1.81103,222.599,139.71701049804688,2.90655,-1269.57,4.59917,139.71701049804688,0,0.899701348392,119.82337381299658,-37.206,253.819,136000,0.0416444,12.545060311997076,-1419.9,-0.0914373,7.52357
-0.77552,3.6686629339965293,-0.240174,136,-37.3075,1386000,7.771,-7.77479,19.8812,210.557,12.3215210974,-2.86604,103.46744296500037,14.7329,-237.251,-210.784,0.250603,2.21759,0.453871,-1.52091,16444.824022829045,0.915108918013,2.77674,1.70237,203.739,168.882080078125,2.93372,-1447.06,0.459067,168.882080078125,0,1.20640920409,119.81469301300604,-37.4118,228.494,137000,0.0342325,12.678587114009133,-1506.94,0.459,2.11501
-0.782888,3.667475738999201,-0.299675,137,-37.7109,1396000,8.45896,-6.57826,105.282,209.861,12.7590669395,-2.89191,103.44964363600229,38.9487,-235.708,-212.261,0.236139,2.26024,0.545831,-1.52464,16564.62520471304,1.40972423023,2.71717,1.74793,193.962,168.054931640625,3.20384,-1578.2,10.5762,168.054931640625,0,0.885194083046,119.80085532799058,-42.0717,218.665,138000,0.0414407,12.683735952989082,-1710.62,0.253088,5.97839
-0.777298,3.6683130119999987,-0.117927,138,-37.1566,1406000,8.01769,-9.59966,87.7069,204.099,12.4945922906,-2.8877,103.47595601400099,35.2942,-231.41,-201.567,0.233734,2.17016,0.548396,-1.51541,16684.47835967004,1.1411125702,2.78805,1.75419,189.07,150.45840454101562,2.99486,-1211.12,3.07858,150.45840454101562,0,1.35626354529,119.85118648500429,-39.6994,215.771,139000,0.0464565,12.706917459003307,-1311.21,0.205168,7.74009
-0.779881,3.6713068949975423,-0.313359,139,-37.0671,1416000,7.5516,-8.09487,33.2164,228.04,12.5570831527,-2.93698,103.5095174900016,11.1819,-260.181,-226.902,0.235091,2.25167,0.711682,-1.53357,16804.340934882046,1.48765111232,2.87959,1.71798,215.66,142.0809326171875,2.8711,-1286.01,9.50714,142.0809326171875,0,1.18558234252,119.86338391100435,-37.0147,245.517,140000,0.039779,12.682559526005207,-1346.65,0.551063,7.42184
-0.764345,3.671405512999627,-0.289844,140,-38.0506,1426000,7.7258,-7.01475,49.6597,217.831,13.0112040265,-2.88161,103.4166867640015,13.345,-248.134,-218.231,0.220535,2.22772,0.570537,-1.53444,16924.111658726048,1.8061937055,2.92623,1.78637,203.403,137.28802490234375,2.81655,-1682.66,5.07944,137.28802490234375,0,0.0,119.77281596100147,-38.3288,229.31,141000,0.0672208,12.684723684000346,-1803.61,0.358856,10.4428
-0.777239,3.670398392001516,-0.300212,141,-37.2084,1436000,7.70034,-6.3635,13.6433,226.118,12.5008150305,-2.93048,103.54886545300178,5.95497,-254.298,-225.922,0.243786,2.24678,0.594997,-1.52454,17044.053170773044,2.25380942067,2.76278,1.76148,224.963,137.11767578125,2.85994,-1433.5,1.01904,137.11767578125,0,0.93150679731,119.93263627599663,-38.3373,253.329,142000,0.0622804,12.713372430993331,-1490.33,0.213645,5.97791
-0.796933,3.6802048479985388,-0.299004,142,-35.5741,1446000,8.5047,-13.5494,27.6435,204.811,12.5052577382,-2.99248,103.53553576400009,10.4648,-231.95,-206.205,0.258397,2.24488,0.576234,-1.525,17163.91426037103,0.550511799927,2.69804,1.66665,202.221,134.1258544921875,2.90097,-1415.41,0.43008,134.1258544921875,0,0.462075668592,119.86697876699327,-36.6343,230.929,143000,0.0531747,12.651238154994644,-1554.43,0.55108,3.14999
-0.785631,3.675193899001897,-0.309058,143,-37.5508,1456000,8.3369,-7.16744,77.3978,181.19,12.6851710889,-2.8927,103.49588572100038,23.9942,-204.353,-183.355,0.222732,2.27333,0.593698,-1.49284,17283.775890005043,1.12712847707,2.69755,1.59982,159.609,133.7955322265625,2.93922,-1537.58,1.60207,133.7955322265625,0,0.89764985519,119.856720822012,-40.1224,181.347,144000,0.0621453,12.68564120200972,-1646.05,0.703947,8.43314
-0.790442,3.680839542001195,-0.41069,144,-35.3025,1466000,7.97381,-6.49056,541.814,205.165,12.7913108927,-2.93326,103.55720232300155,46.8102,-231.806,-207.253,0.236948,2.27903,0.698772,-1.52644,17403.69418768606,1.11495316147,2.63923,1.61217,185.134,125.77863311767578,2.91371,-1465.85,1.74725,125.77863311767578,0,1.90171666028,119.91904976301157,-39.2011,208.548,145000,0.135353,12.68100789800883,-1618.09,0.641456,6.25038
-0.787304,3.681077784000081,-0.329463,145,-37.9669,1476000,7.86978,-7.4879,16.6649,195.603,12.120148326,-2.91537,103.49497086799965,8.29347,-220.075,-195.814,0.237266,2.23046,0.491823,-1.56925,17523.521400571066,0.0,2.59856,1.72893,184.383,131.93678283691406,2.89355,-1168.97,1.68368,131.93678283691406,0,0.687824387903,119.83328179500313,-37.7587,208.207,146000,0.059698,12.657233143003396,-1242.55,0.128722,6.25707
-0.783821,3.675952887002495,-0.228812,146,-36.9055,1486000,7.62743,-7.85471,14.4845,239.881,12.4806128392,-2.85966,103.43370419999701,9.3385,-271.206,-239.272,0.251233,2.17398,0.499009,-1.4888,17643.32004814107,2.33714783292,2.84582,1.76858,227.416,131.43368530273438,2.90735,-1386.9,3.32233,131.43368530273438,0,0.916062540014,119.79643619300259,-38.0494,257.908,147000,0.0726196,12.686779106003087,-1567.05,0.22939,10.2255
-0.743765,3.6790297150000697,-0.188327,147,-38.6499,1496000,8.0085,-5.4127,220.98,250.388,12.0747113652,-2.90341,103.51139819000309,41.5928,-286.02,-253.24,0.204147,2.17356,0.40373,-1.40878,17763.19997292708,1.23121320764,2.9834,1.82468,222.236,129.93765258789062,2.91429,-1543.26,4.78764,129.93765258789062,0,2.25584731575,119.88277899201057,-39.9344,252.894,148000,0.0809067,12.69235108700741,-1725.22,0.170893,6.06728
-0.731224,3.67715141699955,-0.255183,148,-29.096,1506000,7.69953,-5.06667,51.3724,233.283,12.393513636,-3.01158,103.5145012940011,21.4542,-263.306,-232.608,0.207594,2.25167,0.563901,-1.43648,17883.044689151076,1.34686783847,2.81914,1.76248,218.091,139.68405151367188,2.91897,-1567.65,3.61598,139.68405151367188,0,0.702176042164,119.84694409900112,-29.0538,247.273,149000,0.097432,12.655291388000478,-1758.72,0.351559,9.04387
-0.738135,3.6758994210031233,-0.299616,149,-37.9367,1516000,7.8161,-6.84825,1244.16,244.604,12.5844566953,-2.89409,103.43956595100099,54.7793,-276.681,-247.082,0.20752,2.24432,0.633299,-1.54477,18002.835108321087,0.857774030027,2.71663,1.72994,236.783,141.6746063232422,2.82632,-1330.74,5.41632,141.6746063232422,0,1.44815343716,119.79273184200792,-39.765,263.744,150000,0.078553,12.677266470003815,-1472.99,0.40458,12.8974
-0.776325,3.6745161619983264,-0.180043,150,-40.4276,1526000,7.44972,-6.39409,32.6538,218.384,12.1093470331,-2.87228,103.52584250699874,19.0139,-245.41,-215.922,0.239813,2.22503,0.685577,-1.52955,18122.724731666087,2.15276764542,2.78668,1.78021,197.895,156.4431915283203,2.93325,-1291.13,3.55917,156.4431915283203,0,1.24213950783,119.88938013900042,-38.447,224.775,151000,0.0766609,12.689021470003354,-1366.8,0.115053,9.39898
-0.803851,3.67564781100009,-0.146734,151,-27.8302,1536000,8.08981,-5.94145,143.57,199.368,11.4588532839,-2.86047,103.4256685750006,51.6056,-224.52,-200.652,0.256608,2.25535,0.715199,-1.51207,18242.45968107708,1.20563212426,2.75728,1.67981,187.649,159.3147430419922,2.98,-1315.71,2.49668,159.3147430419922,0,1.19811907306,119.73462167500111,-28.1266,213.579,152000,0.0714108,12.633305289000418,-1375.43,0.493645,8.99819
-0.750718,3.6770202509978844,-0.273095,152,-41.6677,1546000,8.04881,-5.2536,399.849,221.163,12.4225426762,-2.90887,103.8828237250018,108.199,-250.737,-228.535,0.213718,2.15808,0.522804,-1.50049,18362.34651907308,1.15473941979,2.86123,1.78828,198.402,152.68768310546875,2.87887,-1221.77,2.71719,152.68768310546875,0,1.12860349254,119.88636968500214,-44.0009,225.224,153000,0.0922875,12.326525709002453,-1273.6,-0.14793,7.78065
-0.778054,3.678590991999954,-0.369061,153,-37.5544,1556000,7.32153,-7.07418,675.277,222.077,12.000615885,-2.92312,104.42537467999864,21.8909,-251.149,-220.4,0.23665,2.2876,0.582725,-1.59971,18482.35904374408,1.12454075847,2.7964,1.72827,212.161,151.11614990234375,2.82935,-1269.04,1.60647,151.11614990234375,0,0.946170738232,120.01344707100725,-37.6132,241.551,154000,0.112133,11.909481399008655,-1460.22,0.414635,6.44122
-0.763826,3.6787083169983816,-0.28997,154,-40.2112,1566000,7.86331,-8.44151,27.8615,196.382,11.5243832068,-2.81098,104.86518322700067,25.7505,-220.012,-197.451,0.217162,2.30547,0.397984,-1.45445,18602.37229179008,0.958535972962,2.92079,1.74088,173.967,169.9950408935547,2.90222,-1207.1,1.52546,169.9950408935547,0,1.23824727399,120.0204921519944,-42.0741,198.427,155000,0.0653399,11.476600607995351,-1250.15,0.437466,7.27967
